Designator,Footprint,Quantity,Value,LCSC Part #
A2,RaspberryPi_Pico_Common_THT,1,RaspberryPi_Pico,
"C1, C3, C5",0603,3,100nF,
"C2, C4",0805,2,22uF,
C6,0805,1,10uF,
J1,JST_XH_B2B-XH-A_1x02_P2.50mm_Vertical,1,POWER,
J10,JST_XH_B4B-XH-A_1x04_P2.50mm_Vertical,1,E7,
J11,JST_XH_B4B-XH-A_1x04_P2.50mm_Vertical,1,E8,
J12,JST_XH_B4B-XH-A_1x04_P2.50mm_Vertical,1,E9,
J13,JST_XH_B4B-XH-A_1x04_P2.50mm_Vertical,1,E10,
J14,JST_XH_B2B-XH-A_1x02_P2.50mm_Vertical,1,+,
J15,JST_XH_B2B-XH-A_1x02_P2.50mm_Vertical,1,-,
J16,JST_XH_B2B-XH-A_1x02_P2.50mm_Vertical,1,×,
J17,JST_XH_B2B-XH-A_1x02_P2.50mm_Vertical,1,÷,
J2,JST_XH_B2B-XH-A_1x02_P2.50mm_Vertical,1,Handset SW,
J3,JST_XH_B2B-XH-A_1x02_P2.50mm_Vertical,1,SPK LED,
J4,JST_XH_B4B-XH-A_1x04_P2.50mm_Vertical,1,E1,
J5,JST_XH_B4B-XH-A_1x04_P2.50mm_Vertical,1,E2,
J6,JST_XH_B4B-XH-A_1x04_P2.50mm_Vertical,1,E3,
J7,JST_XH_B4B-XH-A_1x04_P2.50mm_Vertical,1,E4,
J8,JST_XH_B4B-XH-A_1x04_P2.50mm_Vertical,1,E5,
J9,JST_XH_B4B-XH-A_1x04_P2.50mm_Vertical,1,E6,
SW1,SW_PUSH_6mm,1,Reset,
U1,PinHeader_1x06_P2.54mm_Vertical,1,uSD reader,
U2,MODULE_3006,1,AA1,
U3,MODULE_3006,1,AA2,
